,UBICACION,PROVINCIA,CIUDAD,PRECIO,PRECIO1,CP,SUPERFICIE,DORMITORIOS,SUBTIPOLOGIA,AÑO CONST,CATEGORIA
0,Vélez-málaga,Málaga,Vélez-málaga,99.000,99.000,29700,90,2,2 dormitorios,1975,Cuota comunidad anual  362 €
1,Vélez-málaga,Málaga,Vélez-málaga,117.000,117.000,29700,79,2,2 dormitorios,2008,Popular
2,Vélez-málaga,Málaga,Vélez-málaga,59.900,59.900,29700,51,2,2 dormitorios,1966,Popular
3,Vélez-málaga,Málaga,Vélez-málaga,72.260,72.260,29700,72,2,2 dormitorios,1960,Popular
4,Marbella,Málaga,Marbella,144.900,144.900,29069,76,3,3 dormitorios,1980,Popular
5,Torre Del Mar,Málaga,Torre Del Mar,220.000,,29740,155,4,4 dormitorios,1980,Popular
6,Torremolinos,Málaga,Torremolinos,29620,,Dirección  Av. De Sorolla; 35,Tipología  Piso,80,Dormitorios  3,3,1970
7,San Pedro De Alcantara,Málaga,San Pedro De Alcantara,109.990,,29679,76,3,3 dormitorios,1975,Popular
8,Málaga - Centro ; Centro Histórico,Málaga,Málaga,342.000,,29007,121,3,3 dormitorios,1980,Señorial
9,Marbella,Málaga,Marbella,139.990,,29601,75,3,3 dormitorios,1975,Popular
10,Marbella,Málaga,Marbella,124.990,,29069,72,2,2 dormitorios,1984,Popular
11,Marbella,Málaga,Marbella,155.000,,29601,90,3,3 dormitorios,1980,Media
12,Vélez-málaga,Málaga,Vélez-málaga,72.260,,29700,106,3,3 dormitorios,1971,Popular
13,Marbella,Málaga,Marbella,139.999,,29660,93,3,3 dormitorios,2003,Popular
14,Torremolinos,Málaga,Torremolinos,29620,,Dirección  Av. De los Manantiales; 24,Tipología  Piso,44,Estudio,1963,Popular
15,Marbella,Málaga,Marbella,210.000,,29601,70,2,2 dormitorios,1981,Media
16,Marbella,Málaga,Marbella,170.000,,29069,71,2,2 dormitorios,1974,Popular
17,Málaga - Centro ; El Molinillo - Capuchinos,Málaga,Málaga,85.000,,29013,53,1,1 dormitorio,1972,Popular
18,Marbella,Málaga,Marbella,139.990,,29601,75,3,3 dormitorios,2000,Popular
19,Marbella,Málaga,Marbella,179.990,,29604,100,3,3 dormitorios,1980,Popular
20,Torremolinos,Málaga,Torremolinos,29620,,Dirección  Calle Molino del Pato; 9,Tipología  Piso,140,Dormitorios  4,4,1964
21,Torremolinos,Málaga,Torremolinos,29620,,Dirección  Calle Marques de Salamanca; -1,Tipología  Piso,74,Dormitorios  2,2,1963
22,Vélez-málaga,Málaga,Vélez-málaga,72.000,,29700,75,2,2 dormitorios,1972,Popular
23,Alcaucín,Málaga,Alcaucín,67.260,,29711,55,1,1 dormitorio,2005,Popular
24,Málaga - Martiricos -la Roca,Málaga,Málaga,29011,,Dirección  Calle Eume; -1,Tipología  Piso,89,Dormitorios  3,3,1975
25,Fuengirola - Centro,Málaga,Fuengirola,149.000,,29640,94,3,3 dormitorios,1983,Media
26,Torre Del Mar,Málaga,Torre Del Mar,130.000,,29740,98,3,3 dormitorios,1968,Popular
27,Málaga - Centro ; La Victoria - Olletas,Málaga,Málaga,96.000,,29013,57,2,2 dormitorios,1966,Popular
28,Málaga - Carretera De Cádiz ; La Paz - P. Mediterraneo - Puerta Blanca,Málaga,Málaga,212.000,,29004,65,2,3 dormitorios,1971,Cuota comunidad anual  70 €
29,Málaga - Trinidad - Miraflores - Carlinda; Eugenio Gross,Málaga,Málaga,149.900,,29009,93,3,3 dormitorios,1980,Media
30,Málaga - Carretera De Cádiz ; Girón - Las Delicias,Málaga,Málaga,159.000,,29003,70,1,2 dormitorios,1967,Popular
31,Málaga - Carretera De Cádiz ; Girón - Las Delicias,Málaga,Málaga,120.000,,29003,69,3,3 dormitorios,1971,Popular
32,Málaga - Trinidad - Miraflores - Carlinda; Eugenio Gross,Málaga,Málaga,29010,,Dirección  C. Brújula; 6,Tipología  Piso,90,Dormitorios  2,2,2000
33,Torrox,Málaga,Torrox,145.000,,29770,86,3,3 dormitorios,2006,Popular
34,Fuengirola - Centro,Málaga,Fuengirola,119.000,,29640,84,2,2 dormitorios,1965,Cuota comunidad anual  0 €
35,Torremolinos,Málaga,Torremolinos,29620,,Dirección  Calle Rafael Quintana Rosado; 5,Tipología  Piso,90,Dormitorios  1,1,1970
36,Málaga - Trinidad - Miraflores - Carlinda; Eugenio Gross,Málaga,Málaga,109.900,,29009,60,3,3 dormitorios,1962,Popular
37,Málaga - Trinidad - Miraflores - Carlinda; Trinidad,Málaga,Málaga,129.900,,29009,61,2,2 dormitorios,2007,Popular
38,Málaga - Cruz De Humilladero ; Cruz Humilladero - Los Tilos,Málaga,Málaga,145.000,,29006,82,3,3 dormitorios,1972,Popular
39,Málaga - Cruz De Humilladero ; Cruz Humilladero - Los Tilos,Málaga,Málaga,29006,,Dirección  Calle Alfambra; 6,Tipología  Piso,73,Dormitorios  3,3,1970
40,Málaga - El Palo,Málaga,Málaga,210.000,,29018,180,4,4 dormitorios,1983,Media
41,Arroyo De La Miel,Málaga,Arroyo De La Miel,159.900,,29631,96,2,2 dormitorios,2001,Popular
42,Málaga - Cruz De Humilladero ; Cruz Humilladero - Los Tilos,Málaga,Málaga,75.000,,29006,51,2,2 dormitorios,1963,Popular
43,Málaga - Trinidad - Miraflores - Carlinda; Eugenio Gross,Málaga,Málaga,229.000,,29010,110,4,4 dormitorios,1977,Media
44,Marbella,Málaga,Marbella,119.500,,29601,83,3,3 dormitorios,2000,Media
45,Fuengirola - Centro,Málaga,Fuengirola,129.000,,29640,79,3,3 dormitorios,1963,Popular
46,Mijas - Las Lagunas De Mijas,Málaga,Mijas,99.000,,29651,57,2,2 dormitorios,2009,Media
47,Mijas - Las Lagunas De Mijas,Málaga,Mijas,155.000,,29651,125,3,3 dormitorios,1997,Vivienda protegida  SI
48,Málaga - Centro ; La Victoria - Olletas,Málaga,Málaga,148.000,,29014,92,3,3 dormitorios,1976,Popular
49,Mijas - Las Lagunas De Mijas,Málaga,Mijas,119.000,,29651,77,4,4 dormitorios,1979,Popular
50,Málaga - Carretera De Cádiz ; Girón - Las Delicias,Málaga,Málaga,120.000,,29003,67,3,3 dormitorios,1971,Popular
51,Málaga - Centro ; El Molinillo - Capuchinos,Málaga,Málaga,205.000,,29014,197,4,4 dormitorios,1978,Señorial
52,Mijas - Las Lagunas De Mijas,Málaga,Mijas,270.000,,29651,150,3,3 dormitorios,2002,Popular
53,Málaga - Trinidad - Miraflores - Carlinda; Trinidad,Málaga,Málaga,29009,,Dirección  Calle Carril; -1,Tipología  Piso,58,Dormitorios  2,2,1993
54,Fuengirola - Centro,Málaga,Fuengirola,159.000,,29640,76,3,3 dormitorios,1973,Popular
55,Mijas - Las Lagunas De Mijas,Málaga,Mijas,167.000,,29651,75,2,2 dormitorios,2000,Popular
56,Fuengirola - Centro,Málaga,Fuengirola,159.000,,29640,57,2,2 dormitorios,1970,Señorial
57,Málaga - Ciudad Jardín ; Mangas Verdes - Las Flores 87,Málaga,Málaga,59.900,,29014,50,2,2 dormitorios,1965,Popular
58,Málaga - Teatinos - Portada Alta - Carlos Haya; Carlos De Haya,Málaga,Málaga,268.000,,29010,140,4,4 dormitorios,1984,Señorial
59,Fuengirola - Puerto Deportivo,Málaga,Fuengirola,109.000,,29640,67,2,2 dormitorios,1974,Popular
60,Mijas - Las Lagunas De Mijas,Málaga,Mijas,159.000,,29651,132,2,2 dormitorios,1996,Señorial
61,Málaga - Centro ; La Victoria - Olletas,Málaga,Málaga,75.000,,29014,67,3,3 dormitorios,1962,Popular
62,Fuengirola - Centro,Málaga,Fuengirola,185.000,,29640,134,2,2 dormitorios,1987,Popular
63,Málaga - Centro ; La Victoria - Olletas,Málaga,Málaga,123.000,,29014,76,2,2 dormitorios,1945,Popular
64,Mijas - Las Lagunas De Mijas,Málaga,Mijas,129.000,,29651,74,2,2 dormitorios,2005,Popular
65,Mijas - Las Lagunas De Mijas,Málaga,Mijas,99.990,,29651,48,2,2 dormitorios,2007,Señorial
66,Mijas - Las Lagunas De Mijas,Málaga,Mijas,149.000,,29651,114,3,Dúplex,1991,Popular
67,Málaga - Centro ; El Molinillo - Capuchinos,Málaga,Málaga,59.900,,29014,50,2,2 dormitorios,1965,Cuota comunidad anual  300 €
68,Mijas - Las Lagunas De Mijas,Málaga,Mijas,109.000,,29651,75,3,3 dormitorios,1979,Popular
69,Antequera,Málaga,Antequera,88.000,,29000,87,3,3 dormitorios,1980,Media
70,Málaga - Trinidad - Miraflores - Carlinda; Eugenio Gross,Málaga,Málaga,149.000,,29007,85,3,3 dormitorios,1970,Media
71,Antequera,Málaga,Antequera,69.000,,29200,45,2,2 dormitorios,1965,Popular
72,Málaga - Trinidad - Miraflores - Carlinda; Eugenio Gross,Málaga,Málaga,125.000,,29010,71,3,3 dormitorios,1970,Media
73,Fuengirola - Centro,Málaga,Fuengirola,105.000,,29640,90,2,2 dormitorios,1970,Media
74,Fuengirola - Centro,Málaga,Fuengirola,89.000,,29054,60,2,2 dormitorios,1971,Popular
75,Fuengirola - Centro,Málaga,Fuengirola,175.000,,29640,102,3,3 dormitorios,1968,Popular
76,Fuengirola - Centro,Málaga,Fuengirola,68.000,,29640,68,3,3 dormitorios,1972,Media
77,Fuengirola - Centro,Málaga,Fuengirola,123.000,,29640,75,1,1 dormitorio,2001,Popular
78,Antequera,Málaga,Antequera,78.000,,29200,81,3,3 dormitorios,1970,Media
79,Fuengirola - Centro,Málaga,Fuengirola,124.500,,29640,80,2,2 dormitorios,1970,Media
80,Málaga - Carretera De Cádiz ; La Paz - P. Mediterraneo - Puerta Blanca,Málaga,Málaga,85.000,,29004,60,3,3 dormitorios,1963,Popular
81,Mijas - Las Lagunas De Mijas,Málaga,Mijas,132.000,,29651,131,4,4 dormitorios,1981,Popular
82,Mijas - Las Lagunas De Mijas,Málaga,Mijas,115.000,,29651,73,2,2 dormitorios,1999,Señorial
83,Málaga - El Palo,Málaga,Málaga,155.000,,29017,90,3,3 dormitorios,1980,Media
84,Fuengirola - Centro,Málaga,Fuengirola,90.000,,29640,69,3,3 dormitorios,1972,Popular
85,Málaga - Centro ; El Molinillo - Capuchinos,Málaga,Málaga,174.300,,29013,52,2,2 dormitorios,1962,Popular
86,Málaga - Centro ; La Victoria - Olletas,Málaga,Málaga,145.000,,29013,92,3,3 dormitorios,1972,Popular
87,Málaga - Trinidad - Miraflores - Carlinda; Eugenio Gross,Málaga,Málaga,29009,,Dirección  Calle Rafaela; -1,Tipología  Piso,82,Dormitorios  3,3,1969
88,Arroyo De La Miel,Málaga,Arroyo De La Miel,129.500,,29631,87,4,4 dormitorios,1974,Popular
89,Málaga - Centro ; El Molinillo - Capuchinos,Málaga,Málaga,157.000,,29013,66,3,3 dormitorios,1968,Media
90,Málaga - Trinidad - Miraflores - Carlinda; Eugenio Gross,Málaga,Málaga,29007,,Dirección  Pje. Herrera Oria; 22,Tipología  Piso,141,Dormitorios  4,Dúplex,1989
91,Málaga - El Palo,Málaga,Málaga,250.000,,29018,120,4,4 dormitorios,1980,Popular
92,Antequera,Málaga,Antequera,127.000,,29015,101,3,3 dormitorios,1980,Media
93,Fuengirola - Centro,Málaga,Fuengirola,100.000,,29640,91,3,3 dormitorios,1970,Popular
94,Málaga - Carretera De Cádiz ; La Paz - P. Mediterraneo - Puerta Blanca,Málaga,Málaga,29004,,Dirección  Av. Gregorio Diego; 17,Tipología  Piso,75,Dormitorios  3,3,1960
95,Mijas - Las Lagunas De Mijas,Málaga,Mijas,153.500,,29651,141,3,3 dormitorios,2004,Señorial
96,Málaga - Trinidad - Miraflores - Carlinda; Eugenio Gross,Málaga,Málaga,29009,,Dirección  Calle Rafaela; 41,Tipología  Piso,133,Dormitorios  3,3,1995
97,Málaga - Ciudad Jardín ; Ciudad Jardín,Málaga,Málaga,169.900,,29014,85,3,3 dormitorios,2008,Popular
98,Málaga - Carretera De Cádiz ; Girón - Las Delicias,Málaga,Málaga,120.000,,29003,69,3,3 dormitorios,1975,Popular
99,Estepona,Málaga,Estepona,126.000,,29680,73,3,3 dormitorios,1980,Popular
100,Málaga - Centro ; Perchel - Bulto,Málaga,Málaga,299.000,,29002,86,3,3 dormitorios,1964,Señorial
101,Málaga - Centro ; La Victoria - Olletas,Málaga,Málaga,225.000,,29014,171,4,4 dormitorios,1981,Señorial
102,Mijas - Las Lagunas De Mijas,Málaga,Mijas,112.000,,29651,75,2,2 dormitorios,2005,Señorial
103,Torrox,Málaga,Torrox,119.900,,29091,111,3,3 dormitorios,2000,Popular
104,Fuengirola - Centro,Málaga,Fuengirola,159.000,,29640,73,2,Dúplex,1977,Popular
105,Málaga - Carretera De Cádiz ; La Paz - P. Mediterraneo - Puerta Blanca,Málaga,Málaga,425.000,,29004,131,3,3 dormitorios,2000,Señorial
106,Mijas - Las Lagunas De Mijas,Málaga,Mijas,67.000,,29651,42,1,1 dormitorio,1991,Señorial
107,Fuengirola - Centro,Málaga,Fuengirola,68.000,,29640,56,2,2 dormitorios,1965,Popular
108,Mijas - Las Lagunas De Mijas,Málaga,Mijas,120.000,,29651,102,3,3 dormitorios,1998,Popular
109,Benalmadena Costa,Málaga,Benalmadena Costa,259.500,,29630,170,2,3 dormitorios,2004,Señorial
110,Fuengirola - Centro,Málaga,Fuengirola,81.000,,29054,69,3,3 dormitorios,1965,Popular
111,Torrox,Málaga,Torrox,146.000,,29091,90,2,2 dormitorios,2002,Popular
112,Málaga - Ortega Y Gasset; Santa Cristina - San Rafael,Málaga,Málaga,29006,,Dirección  Calle De Alozaina; 17,Tipología  Piso,75,Dormitorios  3,3,1978
113,Málaga - Carretera De Cádiz ; La Paz - P. Mediterraneo - Puerta Blanca,Málaga,Málaga,270.000,,29003,146,4,3 dormitorios,1978,Señorial
114,Torrox,Málaga,Torrox,159.000,,29091,123,3,3 dormitorios,2004,Popular
115,Torre Del Mar,Málaga,Torre Del Mar,149.900,,29740,90,3,3 dormitorios,1980,Popular
116,Mijas - Las Lagunas De Mijas,Málaga,Mijas,65.000,,29651,47,1,1 dormitorio,2006,Media
117,Arroyo De La Miel,Málaga,Arroyo De La Miel,69.900,,29631,29,1,1 dormitorio,1975,Media
118,Málaga - Centro ; Centro Histórico,Málaga,Málaga,79.000,,29013,52,2,2 dormitorios,1964,Media
119,Málaga - Ciudad Jardín ; Jardín De Málaga,Málaga,Málaga,109.260,,29014,86,3,3 dormitorios,1975,Popular
120,Estepona,Málaga,Estepona,165.000,,29680,120,3,3 dormitorios,2005,Popular
121,Arroyo De La Miel,Málaga,Arroyo De La Miel,133.900,,29631,85,3,3 dormitorios,1971,Popular
122,Fuengirola - Centro,Málaga,Fuengirola,124.000,,29640,75,1,1 dormitorio,2001,Popular
123,Estepona,Málaga,Estepona,125.000,,29680,78,2,2 dormitorios,1990,Popular
124,Málaga - Ciudad Jardín ; Jardín De Málaga,Málaga,Málaga,129.900,,29014,83,4,4 dormitorios,1980,Popular
125,Málaga - El Palo,Málaga,Málaga,80.000,,29017,84,3,3 dormitorios,1973,Media
126,Málaga - Carretera De Cádiz ; La Princesa - Huelin,Málaga,Málaga,243.000,,29067,148,4,4 dormitorios,1990,Nuda propiedad  SI
127,Málaga - Trinidad - Miraflores - Carlinda; Eugenio Gross,Málaga,Málaga,129.900,,29007,75,3,3 dormitorios,1947,Popular
128,Málaga - El Palo,Málaga,Málaga,79.900,,29017,84,3,3 dormitorios,1973,Media
129,Málaga - El Palo,Málaga,Málaga,145.000,,29018,89,3,3 dormitorios,1980,Popular
130,Málaga - Trinidad - Miraflores - Carlinda; Miraflores,Málaga,Málaga,99.900,,29011,68,2,2 dormitorios,1972,Popular
131,Málaga - Trinidad - Miraflores - Carlinda; Miraflores,Málaga,Málaga,89.900,,29010,81,3,3 dormitorios,1980,Popular
132,Málaga - Centro ; El Molinillo - Capuchinos,Málaga,Málaga,129.900,,29013,68,2,2 dormitorios,1971,Popular
133,Mijas - Las Lagunas De Mijas,Málaga,Mijas,172.500,,29651,148,4,4 dormitorios,1991,Señorial
134,Málaga - Trinidad - Miraflores - Carlinda; Trinidad,Málaga,Málaga,118.000,,29009,117,4,4 dormitorios,1947,Media
135,Málaga - Trinidad - Miraflores - Carlinda; Miraflores,Málaga,Málaga,105.900,,29011,90,2,2 dormitorios,1967,Popular
136,Antequera,Málaga,Antequera,80.000,,29000,96,2,2 dormitorios,1940,Media
137,Málaga - Cruz De Humilladero ; Cruz Humilladero - Los Tilos,Málaga,Málaga,85.000,,29006,57,2,2 dormitorios,Cuota comunidad anual  35 €,Media
138,Málaga - Trinidad - Miraflores - Carlinda; Miraflores,Málaga,Málaga,90.000,,29011,82,2,2 dormitorios,1972,Popular
139,Málaga - Trinidad - Miraflores - Carlinda; Miraflores,Málaga,Málaga,119.900,,29011,84,3,3 dormitorios,1974,Popular
140,Málaga - Cruz De Humilladero ; Cruz Humilladero - Los Tilos,Málaga,Málaga,94.000,,29006,75,3,3 dormitorios,1963,Popular
141,Málaga - Ciudad Jardín ; Ciudad Jardín,Málaga,Málaga,64.000,,29011,85,3,3 dormitorios,1975,Popular
142,Málaga - Ciudad Jardín ; Ciudad Jardín,Málaga,Málaga,99.900,,29014,83,3,3 dormitorios,1974,Popular
143,Estepona,Málaga,Estepona,129.990,,29680,90,3,3 dormitorios,1980,Popular
144,Málaga - Centro ; El Molinillo - Capuchinos,Málaga,Málaga,115.000,,29067,70,2,2 dormitorios,1969,Popular
145,Estepona,Málaga,Estepona,135.000,,29051,200,2,2 dormitorios,1990,Popular
146,Málaga - Ciudad Jardín ; Jardín De Málaga,Málaga,Málaga,110.000,,29014,90,4,4 dormitorios,1974,Popular
147,Mijas - Las Lagunas De Mijas,Málaga,Mijas,63.700,,29651,40,1,1 dormitorio,1991,Señorial
148,Málaga - Ciudad Jardín ; Jardín De Málaga,Málaga,Málaga,119.900,,29014,85,4,3 dormitorios,1980,Popular
149,Arroyo De La Miel,Málaga,Arroyo De La Miel,107.500,,29631,113,3,3 dormitorios,1982,Media
150,Estepona,Málaga,Estepona,159.990,,29680,106,3,3 dormitorios,1986,Cuota comunidad anual  1.190 €
151,Málaga - Ortega Y Gasset; Santa Cristina - San Rafael,Málaga,Málaga,29006,,Dirección  C. Eugenio Oneguin; 14,Tipología  Piso,86,Dormitorios  3,3,1996
152,Mijas - Las Lagunas De Mijas,Málaga,Mijas,112.000,,29651,68,2,2 dormitorios,1989,Popular
153,Cártama,Málaga,Cártama,139.000,,29570,105,3,3 dormitorios,1999,Con parquing  SI
154,Málaga - Carretera De Cádiz ; Nuevo San Andrés - Dos Hermanas,Málaga,Málaga,74.000,,29003,59,2,2 dormitorios,1961,Popular
155,Málaga - Trinidad - Miraflores - Carlinda; Miraflores,Málaga,Málaga,103.000,103.000,29011,91,3,3 dormitorios,1975,Popular
156,Málaga - Ciudad Jardín ; Ciudad Jardín,Málaga,Málaga,125.900,125.900,29014,117,4,4 dormitorios,1974,Popular
157,Málaga - Cruz De Humilladero ; Cruz Humilladero - Los Tilos,Málaga,Málaga,160.000,160.000,29006,76,3,3 dormitorios,1972,Popular
158,Benalmadena Costa,Málaga,Benalmadena Costa,229.900,229.900,29631,114,3,3 dormitorios,1983,Media
159,Málaga - Ortega Y Gasset; Santa Cristina - San Rafael,Málaga,Málaga,29067,185.000,Dirección  Calle de Alozaina; 54,Tipología  Piso,156,Dormitorios  3,3,1994
160,Málaga - Cruz De Humilladero ; Cruz Humilladero - Los Tilos,Málaga,Málaga,110.000,110.000,29006,75,3,3 dormitorios,1972,Cuota comunidad anual  0 €
161,San Luis De Sabinillas,Málaga,San Luis De Sabinillas,69.990,69.990,29692,31,1,1 dormitorio,1987,Media
162,Arroyo De La Miel,Málaga,Arroyo De La Miel,186.900,186.900,29631,90,3,3 dormitorios,1975,Media
163,Estepona,Málaga,Estepona,92.000,92.000,29680,85,3,3 dormitorios,1968,Popular
164,Estepona,Málaga,Estepona,130.000,130.000,29680,85,3,3 dormitorios,1980,Popular
165,Torre Del Mar,Málaga,Torre Del Mar,169.900,169.900,29740,89,2,2 dormitorios,2000,Popular
166,Málaga - Carretera De Cádiz ; La Paz - P. Mediterraneo - Puerta Blanca,Málaga,Málaga,123.000,123.000,29004,70,2,2 dormitorios,1969,Popular
167,Málaga - Teatinos - Portada Alta - Carlos Haya; Portada Alta,Málaga,Málaga,65.000,65.000,29007,60,2,2 dormitorios,1968,Popular
168,San Luis De Sabinillas,Málaga,San Luis De Sabinillas,139.990,139.990,29692,107,2,2 dormitorios,2006,Media
169,Estepona,Málaga,Estepona,139.990,139.990,29680,101,2,2 dormitorios,2009,Nuda propiedad  SI
170,Estepona,Málaga,Estepona,99.990,99.990,29680,87,2,2 dormitorios,2005,Popular
171,Málaga - Cruz De Humilladero ; Carraque,Málaga,Málaga,229.000,229.000,29007,157,5,5 dormitorios,1960,Popular
172,Málaga - Carretera De Cádiz ; La Princesa - Huelin,Málaga,Málaga,290.000,290.000,29002,140,4,4 dormitorios,1974,Popular
173,Málaga - El Palo,Málaga,Málaga,252.000,252.000,29017,108,4,4 dormitorios,1976,Popular
174,Málaga - Carretera De Cádiz ; La Paz - P. Mediterraneo - Puerta Blanca,Málaga,Málaga,145.000,145.000,29004,82,3,3 dormitorios,1968,Popular
175,Estepona,Málaga,Estepona,130.000,130.000,29680,110,3,3 dormitorios,1980,Popular
176,Estepona,Málaga,Estepona,130.000,130.000,29680,85,3,3 dormitorios,1980,Popular
177,Estepona,Málaga,Estepona,103.990,103.990,29680,80,3,3 dormitorios,1980,Popular
178,Estepona,Málaga,Estepona,235.900,235.900,29680,160,2,2 dormitorios,2015,Popular
179,Málaga - Teatinos - Portada Alta - Carlos Haya; Portada Alta,Málaga,Málaga,69.000,69.000,29007,60,2,2 dormitorios,1968,Popular
180,Málaga - Trinidad - Miraflores - Carlinda; Carlinda - Granja,Málaga,Málaga,108.000,108.000,29010,72,3,3 dormitorios,1976,Media
181,Málaga - Trinidad - Miraflores - Carlinda; Miraflores,Málaga,Málaga,98.000,98.000,29011,75,3,3 dormitorios,1971,Señorial
182,Estepona,Málaga,Estepona,89.990,89.990,29680,75,2,2 dormitorios,1980,Popular
183,Fuengirola - Centro,Málaga,Fuengirola,90.000,90.000,29640,56,2,2 dormitorios,1972,Popular
184,Málaga - Trinidad - Miraflores - Carlinda; Miraflores,Málaga,Málaga,144.400,144.400,29011,81,3,3 dormitorios,1968,Popular
185,Málaga - Carretera De Cádiz ; La Princesa - Huelin,Málaga,Málaga,155.000,155.000,29002,77,3,3 dormitorios,1976,Popular
186,Málaga - Trinidad - Miraflores - Carlinda; Trinidad,Málaga,Málaga,240.000,240.000,29009,104,Precio parquing  20.000 €,Dormitorios  3,Dúplex,2009
187,Málaga - Teatinos - Portada Alta - Carlos Haya; Portada Alta,Málaga,Málaga,168.000,168.000,29007,107,3,3 dormitorios,1977,Popular
188,Málaga - Ciudad Jardín ; Ciudad Jardín,Málaga,Málaga,29014,87.000,Dirección  Calle Serrano Fernández; 8,Tipología  Piso,84,Dormitorios  3,3,1970
189,Estepona,Málaga,Estepona,102.000,102.000,29051,86,3,3 dormitorios,1990,Popular
190,Mijas - Las Lagunas De Mijas,Málaga,Mijas,109.000,109.000,29651,59,2,2 dormitorios,2008,Cuota comunidad anual  51 €
191,Torre Del Mar,Málaga,Torre Del Mar,185.000,185.000,29740,95,3,3 dormitorios,1981,Popular
192,Málaga - Ortega Y Gasset; Santa Cristina - San Rafael,Málaga,Málaga,29006,146.000,Dirección  Calle Sanhedun; 2,Tipología  Piso,79,Precio parquing  13.000 €,Dormitorios  3,Subtipología  3 dormitorios
193,Málaga - Ortega Y Gasset; Santa Cristina - San Rafael,Málaga,Málaga,29006,90.000,Dirección  Calle Periana; 9,Tipología  Piso,87,Dormitorios  2,2,1958
194,Torre Del Mar,Málaga,Torre Del Mar,115.000,115.000,29740,55,2,2 dormitorios,1966,Popular
195,Málaga - Ciudad Jardín ; Ciudad Jardín,Málaga,Málaga,119.900,119.900,29014,77,3,3 dormitorios,1975,Popular
196,Estepona,Málaga,Estepona,130.000,130.000,29051,72,2,2 dormitorios,1985,Popular
197,Estepona,Málaga,Estepona,65.000,65.000,29680,40,2,2 dormitorios,1970,Media
198,Málaga - Ortega Y Gasset; Santa Cristina - San Rafael,Málaga,Málaga,29006,140.000,Dirección  Av. De José Ortega y Gasset; 70,Tipología  Piso,90,Dormitorios  3,3,1976
199,Algarrobo,Málaga,Algarrobo,145.000,145.000,29005,69,2,2 dormitorios,2008,Popular
200,Málaga - Ciudad Jardín ; Ciudad Jardín,Málaga,Málaga,67.260,67.260,29014,35,1,1 dormitorio,1967,Popular
201,Estepona,Málaga,Estepona,85.000,85.000,29680,60,2,2 dormitorios,1970,Popular
202,Torre Del Mar,Málaga,Torre Del Mar,129.000,129.000,29740,60,2,2 dormitorios,2005,Media
203,Estepona,Málaga,Estepona,129.990,129.990,29680,85,2,2 dormitorios,2000,Popular
204,Torre Del Mar,Málaga,Torre Del Mar,135.000,135.000,29740,59,1,1 dormitorio,1970,Popular
205,Torre Del Mar,Málaga,Torre Del Mar,185.000,185.000,29740,95,3,3 dormitorios,1981,Popular
206,Torre Del Mar,Málaga,Torre Del Mar,179.900,179.900,29740,92,3,3 dormitorios,1980,Popular
207,Torrox,Málaga,Torrox,79.000,79.000,29770,61,1,1 dormitorio,2006,Popular
208,Málaga - Ortega Y Gasset; Santa Cristina - San Rafael,Málaga,Málaga,29006,105.000,Dirección  Calle De Alozaina; 36,Tipología  Piso,74,Dormitorios  3,3,1976
209,San Luis De Sabinillas,Málaga,San Luis De Sabinillas,157.000,157.000,29692,96,3,3 dormitorios,1999,Señorial
210,Málaga - Centro ; Centro Histórico,Málaga,Málaga,85.000,85.000,29012,58,2,2 dormitorios,1960,Media
211,Torre Del Mar,Málaga,Torre Del Mar,89.000,89.000,29740,36,1,Estudio,1984,Popular
212,Málaga - Carretera De Cádiz ; La Paz - P. Mediterraneo - Puerta Blanca,Málaga,Málaga,199.000,199.000,29004,96,3,3 dormitorios,1979,Popular
213,Málaga - Carretera De Cádiz ; La Paz - P. Mediterraneo - Puerta Blanca,Málaga,Málaga,128.000,128.000,29004,70,3,3 dormitorios,1969,Popular
214,Málaga - Carretera De Cádiz ; La Princesa - Huelin,Málaga,Málaga,168.000,168.000,29002,77,3,3 dormitorios,1972,Popular
215,Málaga - Ortega Y Gasset; Santa Cristina - San Rafael,Málaga,Málaga,29006,116.000,Dirección  Calle De Alozaina; 25,Tipología  Piso,88,Dormitorios  3,3,1972
216,Málaga - Carretera De Cádiz ; La Princesa - Huelin,Málaga,Málaga,175.000,175.000,29002,73,2,2 dormitorios,1970,Media
217,Málaga - Ciudad Jardín ; Ciudad Jardín,Málaga,Málaga,49.900,49.900,29014,32,1,Estudio,1972,Popular
218,Mijas - Las Lagunas De Mijas,Málaga,Mijas,60.000,60.000,29651,43,1,1 dormitorio,1991,Señorial
219,Mijas - Las Lagunas De Mijas,Málaga,Mijas,120.000,120.000,29651,57,2,2 dormitorios,2005,Popular
220,Málaga - Carretera De Cádiz ; Girón - Las Delicias,Málaga,Málaga,99.900,99.900,29003,47,1,1 dormitorio,2008,Popular
221,Estepona,Málaga,Estepona,145.000,145.000,29680,125,4,4 dormitorios,1990,Señorial
222,Estepona,Málaga,Estepona,168.000,168.000,29680,147,3,3 dormitorios,2003,Popular
223,Málaga - Carretera De Cádiz ; Nuevo San Andrés - Dos Hermanas,Málaga,Málaga,79.900,79.900,29003,59,2,2 dormitorios,1961,Popular
224,Torre Del Mar,Málaga,Torre Del Mar,149.900,149.900,29740,85,3,3 dormitorios,1970,Popular
225,Estepona,Málaga,Estepona,105.000,105.000,29680,70,3,3 dormitorios,1981,De época
226,Torrox,Málaga,Torrox,125.000,125.000,29091,77,2,2 dormitorios,1995,Popular
227,Torre Del Mar,Málaga,Torre Del Mar,78.000,78.000,29740,35,1,Estudio,1970,Popular
228,Málaga - Ortega Y Gasset; Santa Cristina - San Rafael,Málaga,Málaga,29067,100.000,Dirección  Calle Arenisca; 16,Tipología  Piso,50,Dormitorios  1,1,1979
229,Málaga - Ciudad Jardín ; Ciudad Jardín,Málaga,Málaga,46.000,46.000,29011,84,3,3 dormitorios,1975,Popular
